image_name,KMeans_execution_time,KMeans_silhouette_score,KMeans_davies_bouldin_index,KMeans_calinski_harabasz_score,GMM_execution_time,GMM_silhouette_score,GMM_davies_bouldin_index,GMM_calinski_harabasz_score,MiniBatchKMeans_execution_time,MiniBatchKMeans_silhouette_score,MiniBatchKMeans_davies_bouldin_index,MiniBatchKMeans_calinski_harabasz_score,DBSCAN_execution_time,DBSCAN_silhouette_score,DBSCAN_davies_bouldin_index,DBSCAN_calinski_harabasz_score,MeanShift_execution_time,MeanShift_silhouette_score,MeanShift_davies_bouldin_index,MeanShift_calinski_harabasz_score
3086_2015-03-25_14_04_19.0_40.png,0.790860652923584,0.6904160389935374,0.4984735529521567,30511.66017471159,2.0481624603271484,0.4006019067227851,2.7225554622658157,16872.681888553707,0.016061067581176758,0.6873493572936094,0.5022274202813165,29837.91707402524,6.945476055145264,0.7077464966761198,0.3958204711591372,19019.1913972127,0.9515235424041748,0.6331606490129311,0.6462690906041672,44053.9222114914
3448_2013-05-21_13_15_02.0_41.png,0.8091816902160645,0.6930684817003792,0.45819293474844447,27455.67643290246,2.0864601135253906,0.4564042548483461,2.597165542384545,15887.831603714307,0.008128166198730469,0.652106935571711,0.4736723118781952,24811.574133185568,5.662611484527588,-1.0,inf,0.0,0.8817784786224365,0.6798542544911533,0.7155430097407308,44533.882521445485
3792_2017-02-15_14_14_39.0_42.png,0.7659215927124023,0.7008264413089519,0.39324112505709247,24455.813012664647,1.8186099529266357,0.45543639539610886,2.4543620922492733,10917.470277144253,0.00639796257019043,0.685571304319424,0.4291190940537991,20856.915216639012,5.072440147399902,0.6340901151113958,0.5577112003705471,11912.652128939937,0.8099181652069092,0.74609110507321,0.6173073551448203,51058.008661854685
3354_2012-04-04_15_15_03.0_39.png,0.7697598934173584,0.6898587296369573,0.5401210931199776,31977.661142079858,1.4366307258605957,0.4594653376597936,8.464669815987925,16944.022766769715,0.006577014923095703,0.6544648267138983,0.4866739100202086,31938.898372752657,6.748697519302368,0.7281253769263115,0.3798449329735846,22276.996067768232,0.9472241401672363,0.6456676364120449,0.4391454320363628,46595.09611603798
3059_2011-01-20_15_50_14.0_38.png,0.7908189296722412,0.6591374011797334,0.45272654986706024,28675.170581284314,1.8170104026794434,0.4578690428610168,4.209589116839216,15354.524807133921,0.007963418960571289,0.6863396407636908,0.5098104634042048,28090.24287493778,6.0757691860198975,0.7011707043109443,0.4207710988398493,18732.318026789548,0.9530129432678223,0.6810477313315947,0.41456824642854406,49479.84043702332
3823_2014-06-17_14_03_32.0_40.png,0.7770233154296875,0.6688667474040487,0.5372774885155828,27152.056486027795,1.592616319656372,0.4323545113291328,12.821889951064549,13161.792016601425,0.006817340850830078,0.665138410470963,0.5379944141778669,27021.945043919546,5.497959136962891,0.6965364307200577,0.4192040283487681,18008.982727864808,0.9261236190795898,0.6309262990667563,0.45173110669996624,38040.90348968189
3233_2014-12-16_12_54_01.0_39.png,0.7623426914215088,0.7311725592141385,0.4358122971150326,46105.96981014888,1.7975366115570068,0.4797645518517007,16.39024569333676,19707.754987501216,0.006369590759277344,0.726378388819634,0.44914545490070784,45506.28318751551,8.440988063812256,0.755012752772425,0.3472553712945879,20227.751621906278,0.8749089241027832,0.6766950266443857,0.6769153911939843,60263.59296426249
3419_2011-08-23_14_39_22.0_38.png,0.7849898338317871,0.6587619725414179,0.5367897695907039,30530.1772942797,1.5123836994171143,0.4822100893380908,10.826534832706812,18395.73647156467,0.006353139877319336,0.6602414438091871,0.5338678770340961,30795.067736470686,5.899189710617065,0.7252516558804615,0.3657259546394306,21777.84326293582,1.0032191276550293,0.566332670925273,0.5172756631215539,37728.729709949934
3448_2014-05-20_13_41_00.0_39.png,0.7538747787475586,0.7231502823783829,0.4576945099602386,35342.4375044107,1.863412618637085,0.4778111306380933,1.7968004378922366,20637.081165337146,0.0067958831787109375,0.6668768593497072,0.4538604048022396,27497.167399725564,6.310074090957642,0.7158879338890473,0.3537295582246318,17443.66450720701,0.8650240898132324,0.6999705546818626,0.5933864552589162,60608.28673117423
3654_2012-04-06_14_12_45.0_42.png,0.7913541793823242,0.6747808815975195,0.48256548516586095,27574.019995790513,2.7069754600524902,0.38005739894394086,3.40568210749448,13326.596204652164,0.0071430206298828125,0.6222859716065399,0.5328007615780599,23688.71734453288,5.704312086105347,-1.0,inf,0.0,0.8221817016601562,0.6182845177635423,0.6136251064445033,38195.118944085836
3214_2011-08-04_15_18_23.0_44.png,0.7598612308502197,0.653504711502192,0.48198943726457083,23172.65633944306,1.5740625858306885,0.4646290307885538,2.5786467439448297,12929.555319932213,0.0070803165435791016,0.6602551289336139,0.4651820531360727,23950.365430426165,4.752908706665039,0.6397581915274901,0.5352261369149357,10457.974831013571,0.9157137870788574,0.6706986666701665,0.6531172315225665,40422.97306619828
4001_2013-08-01_12_07_04.0_40.png,0.7707259654998779,0.6932716802351631,0.4834706270515996,29260.078913699737,1.8127782344818115,0.4483633167723516,15.81345462879837,14041.254952767464,0.009415149688720703,0.6471809181704506,0.5016097988489713,26073.92037743634,6.445071220397949,0.13158754410271004,1.5809622506162835,561.2161800989014,0.8382992744445801,0.6510498962175174,0.5019844717671892,46706.147938658985
3605_2013-03-12_15_40_52.0_37.png,0.7776894569396973,0.6610197995332655,0.45663600967631623,32704.74073152878,1.3258945941925049,0.6104487950104165,0.5013956124979649,23738.95327987124,0.006417274475097656,0.6596298833838726,0.46667900878221014,32454.530697803904,6.959712266921997,0.7313043198014882,0.38137729512239193,23113.210313968364,0.9647202491760254,0.6683187989127682,0.4195148493678542,50297.20410400035
3665_2014-02-28_11_40_53.0_38.png,0.7835125923156738,0.6278125527800457,0.5463359340128022,19673.265637655077,1.6240837574005127,0.41009330829265783,12.44563805711584,9754.919560804286,0.006052494049072266,0.5922274215059995,0.532779766825397,18553.56381162529,4.883420467376709,0.15346096959409583,2.004450362755456,1042.1949549555018,0.976707935333252,0.5815146036383521,0.5652235474956251,22301.318873100256
4020_2014-03-19_13_43_12.0_40.png,0.8221423625946045,0.5807834582722158,0.7169958478631492,17026.587713366473,2.0753684043884277,0.28984806908860644,6.7196581065983825,2905.6658776838967,0.006102085113525391,0.5927117413725579,0.6852785474021064,16786.88609497134,4.070416450500488,-1.0,inf,0.0,0.8529744148254395,0.630752118544626,0.49951382827280355,31233.39761669552
3367_2013-08-15_15_59_22.0_37.png,0.7634508609771729,0.6618064686942318,0.4672973199446129,20553.461999476964,1.5387234687805176,0.44625806536407836,1.9830221852132834,11536.161396036068,0.005949974060058594,0.6656873454892841,0.46476115063981466,21021.668849908678,5.309235334396362,0.13828901229258753,2.195665775810458,947.321713639459,0.9578609466552734,0.688350853614602,0.6017383082670242,38358.43439079179
3829_2016-09-20_12_51_58.0_44.png,0.7683827877044678,0.6398420038744216,0.4611517245955519,16935.198139406373,1.6733169555664062,0.435748024148637,5.959599569963362,9797.538210464723,0.012589454650878906,0.6411005244055917,0.46036568389016475,17487.565014800388,4.777700185775757,0.13955905069382948,2.1371483885398885,981.8434771501426,0.8369970321655273,0.6806774378937528,0.40318936090995533,30607.28048522607
3467_2011-11-30_15_29_43.0_37.png,0.78133225440979,0.6233313354907692,0.5275843926403131,19539.28158729947,1.6962661743164062,0.4069086335743245,2.4648720974868246,10383.483031369502,0.006167173385620117,0.6213142502486062,0.5268026798548925,18920.75663960089,5.249688625335693,-1.0,inf,0.0,0.7603659629821777,0.6624895728054009,0.5815563440279665,54589.024676190136
3083_2013-12-20_16_14_42.0_39.png,0.7645814418792725,0.7042044325818586,0.4993901431394954,32318.909218141835,1.9158775806427002,0.4344666410314263,1.9462928899578045,19074.129083466592,0.0067310333251953125,0.6754775943754148,0.45784361742482665,30663.778494276787,6.183954954147339,0.7185066582996438,0.40388797861807635,20552.761080694276,0.8217620849609375,0.6765230364285227,0.4439296219413752,54090.798853630615
3448_2013-05-21_13_15_02.0_37.png,0.7678084373474121,0.6554828072432849,0.4561180312702682,25005.490115740406,1.6186842918395996,0.4555386376864526,7.788359377158133,12177.679740124075,0.008724212646484375,0.66361474796195,0.44389265474225026,25805.181189176266,5.218852996826172,0.6775038236516427,0.46477342761474044,16039.81375189444,0.815955400466919,0.6730444979653346,0.5127385581993995,35543.05648660261
3592_2017-05-16_13_01_53.0_41.png,0.7848870754241943,0.5922672636128398,0.5358901799635868,17102.885950554846,2.170780658721924,0.4102398360029157,3.912138736335229,10693.488315221279,0.01602911949157715,0.5865649072606484,0.549369337333894,16746.71606844745,4.521404266357422,0.1355405896080204,2.153074516488018,927.9117213318103,0.7895135879516602,0.617115085681233,0.6982743147070715,24517.003125059407
3422_2013-06-21_17_04_32.0_43.png,0.7706937789916992,0.6756416118644278,0.5001427312361751,23746.3151346739,1.9315412044525146,0.4489862497839224,5.032729423209935,14813.357469081147,0.05295872688293457,0.6804403603483995,0.49769770056466517,24239.243667670824,6.290535926818848,0.6858283056330765,0.412539800005974,16239.323992537482,0.9373891353607178,0.6579114234368751,0.6247741845884123,34336.14303126765
3307_2015-11-05_14_08_31.0_43.png,0.7736074924468994,0.6301364364933459,0.4946620530366211,16261.53993715383,1.6837010383605957,0.39751616904953696,2.4153327970743894,7435.455941504415,0.007490396499633789,0.6302514485805798,0.4968957495797362,16383.266209973204,4.337462663650513,-1.0,inf,0.0,0.9466969966888428,0.6819822496869767,0.4375260344256542,29162.471884556042
3309_2015-12-15_14_16_26.0_42.png,0.7731292247772217,0.6971915609608245,0.4607304259498674,31564.67083611782,1.9242589473724365,0.4159274217153452,1.8326412980752471,16732.20475603753,0.007351875305175781,0.6494693670484941,0.4929180684379743,27427.971483062058,5.433640480041504,0.7053397632417616,0.41607775865791374,18567.850675589343,0.8139684200286865,0.65791850053886,0.5213736263388278,46480.220969179354
3051_2012-11-15_14_32_43.0_37.png,0.7730677127838135,0.7186274000070952,0.4619834319028172,32934.14988732146,1.9723711013793945,0.4515977497593189,1.9942853880948448,17814.993102422028,0.020978689193725586,0.7124799830681241,0.5134375645443131,28136.989888103955,7.633565425872803,0.7125132013299131,0.43167018512790417,16269.728272062126,0.8736953735351562,0.7082919636679175,0.6753386861271523,56578.45774135823
3777_2014-06-18_14_19_59.0_44.png,0.7739624977111816,0.6694911051286246,0.4377134500584354,24879.768483297925,1.873859167098999,0.4630985863161306,2.477999314434759,15220.48463757457,0.0060884952545166016,0.6613248874545011,0.4504385941882089,24335.905222679135,5.459868907928467,0.6559285246834085,0.4735442023427085,11719.893835375147,0.8477187156677246,0.6711918292433334,0.4340874849440163,42606.21785929514
3593_2015-04-22_13_12_12.0_37.png,0.7761878967285156,0.6880734650277536,0.4873425130447503,30181.48097730913,2.1759426593780518,0.41936360150771096,9.748919618228829,13402.910072739956,0.006630897521972656,0.6936257015469831,0.48036634568387243,30916.531107242165,5.162286996841431,0.18175237170212244,1.8611134545880583,1116.0646047482853,0.8567361831665039,0.6429701849815609,0.5356192894155328,31400.175020283852
3119_2012-02-07_10_45_12.0_42.png,0.7637124061584473,0.6664198161613673,0.4407570228411699,26421.201864037266,1.8418340682983398,0.43845059293881067,3.220587735724287,14249.796287222858,0.018733978271484375,0.660169316745868,0.45436141431787247,25059.12403625047,5.943783760070801,0.6599989400729586,0.4968644537802939,14192.936974804661,0.8808660507202148,0.6856724956958846,0.6025146594573652,42053.85532429349
3365_2011-07-28_13_45_24.0_44.png,0.7561964988708496,0.7502446500491394,0.4388100415912955,52207.43567647824,1.9939711093902588,0.5008492575193463,2.4316689654139663,26135.139224117163,0.006830930709838867,0.7031242869842996,0.41904825866299333,45884.7580958172,9.52361536026001,0.7772056459224113,0.2767828490806084,28366.921322635466,0.8307254314422607,0.7131354898923179,0.4408034055973404,74416.53666745646
3838_2015-03-31_13_43_03.0_43.png,0.7644357681274414,0.703774474339119,0.4524274156854629,32950.75368210225,1.9902105331420898,0.44736217059071826,3.934715493428297,14026.313597930677,0.008964776992797852,0.6233284606933271,0.528887740503262,24029.137936452218,6.470858097076416,-1.0,inf,0.0,0.8315443992614746,0.6472936547722182,0.5011877346902911,43066.81170724072
3182_2012-08-21_15_00_51.0_38.png,0.7628121376037598,0.7150868481154274,0.4699193682486107,36961.87211261607,2.0579919815063477,0.4329188761206462,1.6940769420761335,18886.776105758338,0.050809621810913086,0.7102409065930442,0.47988942537050594,36264.14433172514,5.624299764633179,0.4576719732785931,1.1810969465422423,4869.201162690657,0.8904156684875488,0.6566107877837921,0.5654264395347859,54514.53677504958
3459_2012-05-22_15_56_28.0_44.png,0.7740039825439453,0.6341473268798139,0.4636526350789381,16616.13954977821,1.8028225898742676,0.4317593854231307,7.66667488462167,9714.80991381784,0.0512542724609375,0.6396690791465514,0.4558748756579422,17133.619808307856,4.797671794891357,0.5895814232276965,0.598790264282567,9183.465051901881,0.907949686050415,0.682391803953496,0.42868581944607453,30232.658488894423
3182_2016-08-19_13_26_26.0_42.png,0.758246660232544,0.6744034408181092,0.4270622760820664,26619.56003494686,1.597569465637207,0.4478518253217368,2.2315121555929673,15181.04204756866,0.006494998931884766,0.6581549676400452,0.43642863209114247,21865.089574300087,5.782291412353516,0.6625869135180548,0.49562259795857777,14509.82298272438,0.8441338539123535,0.6776594789015056,0.5144769140479579,34960.42074957913
3312_2014-03-25_14_06_48.0_39.png,0.8097431659698486,0.6724005583856635,0.49571240730588173,28984.824748994517,1.6057255268096924,0.44121767648863736,40.1024980673008,13667.70671849527,0.006071567535400391,0.6690501714021886,0.5075076831450293,28468.03623602163,5.982457399368286,-1.0,inf,0.0,0.8992817401885986,0.59990913761028,0.5855683037976036,38981.442691092096
3367_2011-08-03_14_02_56.0_43.png,0.7409071922302246,0.720085843339195,0.3766027660567147,32768.077190055876,2.262726068496704,0.4957518917760278,2.302396673277152,15709.134884405448,0.008611917495727539,0.7149163678703713,0.382038924931193,31087.6258273764,6.396595001220703,0.6948102761505083,0.46426860654267044,17584.01931839905,0.9185278415679932,0.749574265954105,0.5749912092400072,59964.32076568538
101748_2022-07-27_11_18_51.0_39.png,0.762711763381958,0.6774395568829161,0.4909474647624156,24756.53264606159,2.0587918758392334,0.4124855180503377,4.026654255383964,13118.47599316669,0.050933837890625,0.6563590825847199,0.5455431733040892,20802.34317982297,5.353528738021851,0.4254382392260542,1.2425955739762968,4517.756497538888,0.8960022926330566,0.6532713722764474,0.6290489149248724,37517.52626172429
5015_2019-12-06_14_12_07.0_43.png,0.7607648372650146,0.6723569507720147,0.5095449577647263,29706.935702004852,2.0819406509399414,0.44205166912332516,2.9490599977751253,13764.633691908752,0.05116462707519531,0.6678793752831426,0.522952063208273,29728.381303952214,5.859265565872192,-1.0,inf,0.0,0.9001803398132324,0.6081906525181016,0.7667536667291418,34293.94603854201
3354_2011-07-20_13_15_23.0_40.png,0.7688732147216797,0.7031676594099462,0.4733968089812492,36538.63609938234,2.3127036094665527,0.3714966422286836,2.142037907030012,17699.90974175304,0.006941795349121094,0.6529089467796051,0.5005547465121317,32302.21832511185,5.673685789108276,0.7342316647281463,0.3906817941728957,16233.337382083273,0.8662426471710205,0.6446152498229015,0.48133522494660413,51670.08926018977
3448_2012-04-19_12_34_59.0_41.png,0.7639706134796143,0.6983631835950471,0.46858006038884964,33631.866040908506,1.9237360954284668,0.47894020852408975,1.5483312502027846,20670.119790144647,0.0061795711517333984,0.6454258289105202,0.5039191287150115,28273.639901029004,5.974005460739136,0.7111205644814512,0.40741472877552337,16135.948104222904,0.8868646621704102,0.6756697355574928,0.5767897963699403,49628.34861496919
3116_2013-11-07_12_38_38.0_42.png,0.8134515285491943,0.6177724812821456,0.4877133835377267,15182.241293246328,1.491241455078125,0.5337978745110357,0.5042226085732783,8952.926873520668,0.0386042594909668,0.6055013153459564,0.507586855849793,14662.66692058555,4.49106240272522,0.3561947625360172,1.4406799960807462,3680.358786864175,0.9854819774627686,0.6550067189010405,0.6594709889136057,24701.030804573318
4106_2012-12-21_12_42_21.0_41.png,0.76407790184021,0.7197268996978854,0.4654201899711721,35067.54617233752,2.0369255542755127,0.4758890282423174,2.242559737406864,21193.366352153993,0.009603261947631836,0.6799081006614471,0.42866161240229106,32767.47498818722,6.1708433628082275,0.7232948952611398,0.42867032743009126,15656.219846109812,0.7802605628967285,0.7017725946949182,0.5490327142236063,52086.12165516831
3467_2012-12-11_16_32_20.0_44.png,0.7908003330230713,0.6083124966778166,0.6036007862249588,15913.55298677118,1.4521403312683105,0.40463301322540485,2.819642998541057,7989.080508131034,0.006421089172363281,0.6049114551826958,0.5425926818420393,14417.457477853002,4.615635633468628,-1.0,inf,0.0,0.7730982303619385,0.6788674894576147,0.4321856436530612,45929.619022974206
3830_2012-11-20_13_41_29.0_43.png,0.7671685218811035,0.6516120950309064,0.5176638064072681,20222.980444692224,1.913851261138916,0.38183178336296886,1.69203051133177,9692.067927007201,0.012000083923339844,0.619878621896839,0.4954640915392999,18636.582441715924,4.2767438888549805,0.10452391824887246,1.648250326877788,521.7263601095456,0.8605568408966064,0.654155975076098,0.6383156663698838,32620.75263621224
3776_2012-04-26_14_14_33.0_43.png,0.7569406032562256,0.6269876854925984,0.48372824588213864,18021.659182019994,1.9672822952270508,0.39222062421673637,3.904210149677776,8911.574716919868,0.005880117416381836,0.6302138989264504,0.47680897426188124,18145.111127375538,4.675854682922363,0.13458883456752235,2.193215265920582,950.6003550610376,0.7862441539764404,0.6542496532668085,0.4426148217694897,49438.12935742178
4025_2013-08-29_08_46_12.0_41.png,0.7789256572723389,0.698855028809904,0.4770554338781068,32040.919025657247,2.051223039627075,0.41558284211459223,2.553284744621069,16973.962682734145,0.01445317268371582,0.6582841393806131,0.4811622203252814,29997.18873496745,6.03469181060791,0.7118146658233652,0.4043147559183683,19530.125721742308,0.9205136299133301,0.6739973076016812,0.6453926655567676,51275.10622209236
3312_2013-05-02_13_17_43.0_41.png,0.8120832443237305,0.666589918329402,0.5104706636368135,27925.203928643943,1.9366188049316406,0.42102351582757574,3.1321201372293594,15271.839200170481,0.008156299591064453,0.6185267491369799,0.5505327048709081,24657.951074839202,6.039921998977661,-1.0,inf,0.0,1.034996509552002,0.6271195458869266,0.6153962230424347,40834.76436547178
3831_2016-11-15_13_51_33.0_40.png,0.7966771125793457,0.5663750592274597,0.6398689924498955,14358.389960527566,1.5753967761993408,0.4134764772083804,8.248459437006584,8831.122111315408,0.006744384765625,0.5800805600772333,0.545279799607037,13468.326455955501,3.012708902359009,0.12278609373004902,2.2486664224979007,930.362115899694,0.8111457824707031,0.574489736957343,0.49598035319635175,30957.160482523464
3650_2010-10-28_15_07_28.0_39.png,0.7919938564300537,0.730701005697914,0.4711646759944386,47257.573608965205,1.5737571716308594,0.4845401336177006,2.649989652964283,22231.90213186874,0.05164790153503418,0.7336290264657662,0.473448349908006,49336.28074750801,8.72912859916687,0.7622867779375507,0.3212693482532804,21884.31217894999,0.897538423538208,0.678917412182963,0.4818846304935973,63552.31623402935
3168_2012-10-09_15_36_13.0_42.png,0.7689065933227539,0.6928769654531268,0.4751804643727778,27393.534836978088,2.0472893714904785,0.42886086159836795,3.083211176780186,16060.655612941446,0.007930755615234375,0.6724165886142504,0.44285602959774295,28195.132227976675,5.531160831451416,0.6843164812163628,0.457617981989778,16539.683351316704,0.7673962116241455,0.667890209585423,0.5747541981775384,38738.53574459429
3666_2013-03-06_16_40_09.0_38.png,0.8058505058288574,0.6048414220933394,0.5253677979540284,19725.95899905982,1.7798182964324951,0.42042761764409753,1.0335743952580134,10920.304771650994,0.008567333221435547,0.6000778666716887,0.5392145879609772,19634.513529207015,4.815070152282715,0.6312891715065652,0.5111954953924094,12279.40728363734,0.9516761302947998,0.6288676865769761,0.45242125375730385,29792.370045561576
3461_2013-06-20_15_34_22.0_43.png,0.8191115856170654,0.6588082960467784,0.4460076986098635,22794.964994751655,1.803189754486084,0.4297844558160703,2.3562365437118125,12788.898637674161,0.008653640747070312,0.6683067362758945,0.4319671419116508,23828.867488223026,5.0034215450286865,0.6346303294987069,0.5369467744162699,12418.317224952487,0.8029544353485107,0.6556088362884758,0.45144310941930593,54845.66397391783
3838_2015-03-31_13_43_03.0_44.png,0.7749583721160889,0.6992574171126055,0.46540352444712624,30629.395427333577,2.3794384002685547,0.3929265602473385,3.8558035430502775,14452.534463530092,0.007335662841796875,0.7016630488552955,0.44386163380116744,31012.253706205523,5.849150896072388,0.17897776366123194,1.8668170829468704,1123.8075211209314,0.7805259227752686,0.6655974008994102,0.5791018348919218,39342.89913966868
3419_2013-04-09_14_50_22.0_40.png,0.7684104442596436,0.7001080253333563,0.4864908573495331,36536.479181259274,2.314690113067627,0.42635654720728,7.017996380280416,18352.355055996708,0.007176876068115234,0.595143066251567,0.5799995867019749,25362.183641016047,6.683859586715698,0.7210136813463461,0.34583453302722644,21528.794768386262,0.9090216159820557,0.6425985371812154,0.6133719076604316,47617.91993295833
4073_2013-09-18_15_15_16.0_41.png,0.783858060836792,0.672477661802277,0.43874330225261765,28593.65208491684,1.6442534923553467,0.4581276426030907,2.4859439058807493,17065.916432192233,0.007554054260253906,0.6702025384787619,0.44498606873504326,27090.596143785788,5.5076398849487305,0.6710608533264533,0.41269325502844684,13943.462287429165,0.8649992942810059,0.6907827896073752,0.6243320443147478,46574.192397944935
3482_2017-03-07_15_19_16.0_37.png,0.8276994228363037,0.5973973977113017,0.5460485037142705,15163.132170100022,1.823575496673584,0.3855024462935937,2.712685840655624,8111.608478262546,0.0076138973236083984,0.5948336282435513,0.5407872872799728,14967.785892740078,4.444587707519531,-1.0,inf,0.0,0.9628400802612305,0.638394969263265,0.46025901356759324,25297.01412257438
3622_2012-01-12_15_22_59.0_44.png,0.7695462703704834,0.7144124043902956,0.4853271238166184,37514.856727096616,1.7937922477722168,0.490960252391995,6.613395977572468,20329.92845424577,0.0062808990478515625,0.6708975210454022,0.4553896559907972,36620.22449339015,7.0322864055633545,0.7452954690272001,0.3624710772550911,25380.30490996151,0.9122462272644043,0.6916175006587495,0.5986559557888277,60011.50296209927
3612_2015-10-06_13_42_23.0_37.png,0.7721755504608154,0.6475934328867138,0.4672174637842406,23117.907682112083,2.205406904220581,0.4134932233709993,2.928635412443367,13108.562031621006,0.0066375732421875,0.6464574164856549,0.4768176240195034,23234.333684316152,5.742464303970337,0.6472600808927076,0.5094455422923537,13305.798449920669,0.9148097038269043,0.6613560518169321,0.5608146864067564,32222.827763824134
3367_2012-08-15_15_48_30.0_39.png,0.7809231281280518,0.7111541976156707,0.48032434873389446,30083.998371257778,1.803900957107544,0.4592264454381979,2.156189373873412,17844.100211783923,0.006781578063964844,0.679663515240357,0.4389717005669045,29711.750812355134,7.42969012260437,0.6862724815473507,0.3891331375998563,15048.643337720707,0.9394962787628174,0.7107927322695903,0.3997351102384838,55173.148353799275
3429_2015-07-31_13_50_24.0_41.png,0.7639474868774414,0.7363810982356509,0.45455800413517305,47660.48212789393,2.5563549995422363,0.47614181977312764,3.1118571122936864,28853.452732152626,0.008359193801879883,0.6756560229916626,0.45856011112849143,40545.60994902885,7.583921670913696,0.7578849034278275,0.3005910582039,19286.924070583773,0.8124661445617676,0.6826493185346079,0.5018095935497457,63086.34011214415
3054_2012-12-13_16_15_41.0_44.png,0.7666745185852051,0.6445068976402275,0.4781820433583048,23012.964854511167,1.8239569664001465,0.43076554138758455,1.421066188083468,10252.012120799163,0.06753277778625488,0.6503429706795217,0.5146284466977035,21055.846647541133,4.57167911529541,0.0338847795696757,1.9126724193096785,612.2931051468621,0.7830824851989746,0.6228358367672281,0.578851447688189,51970.095990759226
4034_2015-04-07_13_57_51.0_43.png,0.7582070827484131,0.6856303707372002,0.41249545708441404,26273.70735117873,1.6974239349365234,0.45109186849959443,2.168422597304827,14955.907366479843,0.0072176456451416016,0.6864867163100568,0.41313084794237137,26224.534184968266,5.90711784362793,0.6318198129367495,0.4391790104200443,9798.693591745458,0.8464944362640381,0.7116431534544172,0.5741967932483072,42742.652315411644
3119_2012-02-07_10_45_12.0_43.png,0.7668061256408691,0.6575687950095965,0.45495343781580905,22720.242310827176,1.6721389293670654,0.4455244788287583,2.788709911562894,13867.41796686415,0.01906561851501465,0.6605417524067683,0.4517824167694622,23143.701753977002,5.823685884475708,0.6466583258075688,0.5264685192671941,13276.263844142919,0.8559117317199707,0.6824733347808855,0.5643753322135152,33281.299625454296
116531_2022-07-05_11_20_11.0_44.png,0.7769291400909424,0.6325920003630519,0.4718773782846621,22491.08309169651,2.1738345623016357,0.4264807929527893,4.883660530906035,13263.550193281866,0.012746810913085938,0.632385241708324,0.47698386457372716,22928.41502816335,4.878484725952148,0.6547300728473232,0.5047128534072112,13971.393300745078,0.9005839824676514,0.6444658362827429,0.44814900753071296,34135.99558338625
3062_2015-03-04_14_15_22.0_41.png,0.7683298587799072,0.6752879568212408,0.41811191081610577,21214.368983033946,2.0842719078063965,0.4405027112466037,37.785221401621136,9898.033892804408,0.021432876586914062,0.6768509249594175,0.4145715684699537,21289.318422273886,5.344097137451172,0.6234334874612573,0.5598571343716515,11232.909807210079,0.8673093318939209,0.7158529819213796,0.37771496573736474,40616.12463876018
4098_2014-11-14_15_39_02.0_42.png,0.8004574775695801,0.6278525365031983,0.4709498433401994,18872.0672243839,2.0723049640655518,0.4249284219034438,2.6273226590581764,10897.471018405817,0.021196603775024414,0.6205678280738214,0.4902791528317385,18919.17307110139,5.67372989654541,0.6402612932985767,0.48632049919900383,8683.045151340899,0.9870026111602783,0.651475912747047,0.4311047203802556,27780.10219202995
3504_2010-12-15_15_14_55.0_40.png,0.775932788848877,0.6670517755292718,0.5002343235089305,26406.929954521587,1.339019536972046,0.441141904065782,8.929128473938505,13207.598991707138,0.006218671798706055,0.6595104868098297,0.5291912696706216,26207.607097915967,5.03418231010437,0.6679943763579935,0.3429580736212119,9263.977457761415,0.9221701622009277,0.6228967031451785,0.5619995054183582,39501.54622314613
3665_2015-02-24_12_03_48.0_44.png,0.790931224822998,0.5941004472364367,0.5338808875423465,14932.601252845885,2.664762496948242,0.37375073056692043,3.337149228212238,7801.304802162603,0.017736196517944336,0.5866448296896104,0.5476266582937851,14631.491274523492,4.663204908370972,-1.0,inf,0.0,1.0124413967132568,0.6357715071793735,0.4492651363227593,24121.37244667457
3223_2014-01-14_13_49_30.0_42.png,0.7970373630523682,0.6611709459749365,0.45027345745850245,19568.399868732067,1.6395642757415771,0.4326698199060107,2.667987085486272,10325.226075342554,0.009097576141357422,0.6589920054626487,0.45231106646105124,19463.95487221002,5.15215539932251,0.07542596543564345,1.7507676122856541,495.00565877692935,0.8573579788208008,0.6948093133156996,0.5588276320069411,31530.025445981453
3653_2011-08-31_14_41_16.0_42.png,0.751798152923584,0.688345010839733,0.4099279994508415,29106.538993265942,1.4851100444793701,0.47636698083399354,3.780179647202455,18071.357695990013,0.014148473739624023,0.694790544741077,0.40378150767845955,30028.181545414325,6.533473014831543,0.6787224322223083,0.418912917582657,11895.737858572526,0.8312280178070068,0.7104416175973931,0.6746345303043162,44459.70449866399
4038_2014-04-30_09_39_44.0_42.png,0.7586929798126221,0.6784332297103497,0.49933732649317786,27048.196767617956,2.163346529006958,0.4105441752033099,4.2025828057567685,14196.828981851351,0.04099535942077637,0.6828366908140413,0.5122529149487498,27432.119208972177,6.166048049926758,0.7002102063181579,0.4068780055078167,17763.203750755325,0.9022347927093506,0.63930550159741,0.5849776480708476,38087.67718488017
3186_2013-03-01_14_36_31.0_39.png,0.7886900901794434,0.6794355369152582,0.4912116538831923,27125.631380844854,1.9916889667510986,0.4012778810915877,3.47885339963677,12932.68326463056,0.028484106063842773,0.6773225488420049,0.5012039043945312,26470.277520901756,5.29897403717041,0.1630800262944312,1.9441776227774963,1054.1322431483902,0.9054601192474365,0.6575794844962011,0.6490712432499448,40603.21942085552
3352_2013-03-14_12_37_37.0_41.png,0.7875876426696777,0.6388971138686049,0.4910886245599326,22362.192639401088,1.598597764968872,0.4204403054902677,3.641503248858986,10366.215777306155,0.009160757064819336,0.6281136919527075,0.5051174568063418,20814.653112978936,5.589220762252808,0.09920993611243886,1.6831515989507129,516.1940086226901,0.866163969039917,0.6260833019003547,0.5859893179549415,48983.72242775552
3462_2015-09-15_13_57_39.0_39.png,0.757664680480957,0.6615317090204049,0.4380358125494574,23460.50855816258,1.8205077648162842,0.46225852384152966,4.608691884928933,15839.884160854945,0.007352352142333984,0.664407587523684,0.4325365202432701,24781.719708186316,5.442792892456055,0.6620662533800595,0.5207253628395779,12009.747548271163,0.8521590232849121,0.6770933449774957,0.5555721542392337,41151.2282816849
3108_2015-05-07_12_59_31.0_42.png,0.7654662132263184,0.7248363593263031,0.4375211561165654,34777.78428539413,2.2178709506988525,0.4454888802394722,3.65086459146077,18549.17732488302,0.008198738098144531,0.6840806170299089,0.4268907729889381,30048.24764298821,6.615851879119873,0.7208923449906831,0.39636199618089357,20400.908073285227,0.7991619110107422,0.7139237794728591,0.4903555290818956,48235.24386816956
3105_2011-08-10_11_00_35.0_43.png,0.7737131118774414,0.6713081274574549,0.4349577638050472,28421.75345096326,2.052388906478882,0.4549426967940166,4.569550335308728,14987.176418029401,0.006052732467651367,0.6682840491047723,0.44063644308493644,28641.875828408956,6.050052881240845,0.6884483815359949,0.46278263323399255,12011.287797111461,0.910557746887207,0.6873058616516363,0.6458414243109872,43755.598955536676
4035_2013-02-07_07_29_45.0_37.png,0.7862050533294678,0.6815063313361339,0.5054353741841809,27493.113583668397,1.8058850765228271,0.44026797616745544,2.1378755755766496,16326.804949050073,0.00683903694152832,0.6514490792090295,0.47833635392808826,26517.61294598914,6.109565496444702,0.6764104215963767,0.42225082764151606,13636.943103049434,0.8626925945281982,0.6573781466634028,0.5231634686332158,39289.75133646967
3118_2013-01-16_12_01_35.0_43.png,0.7852435111999512,0.6201022772636122,0.5126293761423975,22214.03468934657,1.9316821098327637,0.40281213975037244,4.201988664715961,13003.404962034238,0.01595592498779297,0.610505629604934,0.5354367130488968,20093.473741370566,4.966459274291992,0.6586606149081201,0.47626426995421933,14419.530318488893,0.9356117248535156,0.6339159839244836,0.4551059376454184,38489.309803709664
3110_2015-07-15_11_57_18.0_41.png,0.7929565906524658,0.6468692876217469,0.598770969203974,19489.90789530524,1.9549648761749268,0.3714319108377139,3.6684689597225892,6062.372166559712,0.04269766807556152,0.6477278774183979,0.606717504701509,19739.70763622748,4.530010938644409,-1.0,inf,0.0,0.7794947624206543,0.6821112380089884,0.4470049100999126,40847.25591139896
3430_2015-08-04_15_03_17.0_38.png,0.7637078762054443,0.6743260774697084,0.47628547962298173,21981.378827747598,2.184673309326172,0.5086030514687198,1.5489645722491845,12908.858366479908,0.018795490264892578,0.6388968950888785,0.45845586073777334,19852.687196309664,4.949730634689331,-1.0,inf,0.0,0.8176336288452148,0.6630514335002459,0.5152327757226532,32587.318085476953
3067_2011-08-30_14_05_33.0_41.png,0.7948160171508789,0.6732087778629605,0.5135352753568079,27295.438261390824,1.9931790828704834,0.4197149093757785,2.01727761696336,15919.471613858352,0.006321907043457031,0.647214722725545,0.5870647065622788,23251.01534816034,5.0234386920928955,0.6837694760629033,0.4439324871573206,16613.31385891665,0.913438081741333,0.6340227277035954,0.6345260959484607,41577.4685226655
3227_2014-05-22_14_44_10.0_39.png,0.7541699409484863,0.7296424092625196,0.4589229228816309,40286.98210526205,1.8013663291931152,0.4899154662876356,5.72838681640988,20006.057531922117,0.007553815841674805,0.6572824714782637,0.4993368447696795,30740.527588959634,7.654236078262329,0.7331775771024795,0.33334603630980875,16672.49177838069,0.8707003593444824,0.6949204650478263,0.7408142976809872,49648.98142634304
4070_2015-08-12_15_25_54.0_38.png,0.803234338760376,0.6329194334304188,0.603469058187399,18442.819450970186,2.065401315689087,0.41252816336361303,2.794925980363821,8233.352500166438,0.04997086524963379,0.6370417879589684,0.5910960894635604,19036.450689531393,5.434520244598389,0.12452378124506037,2.3610487574250643,869.0240932923273,0.7827346324920654,0.6823073385461638,0.44834593798209676,48953.30585971305
4102_2012-11-27_14_09_41.0_42.png,0.7697429656982422,0.6462568315603067,0.5318213863028683,21699.46465495602,2.052656888961792,0.4375250897951666,9.637342706911705,14302.103322057364,0.021039247512817383,0.6006293096808066,0.5354584303918296,17845.72850963115,5.560466527938843,0.6728745194220007,0.44846674903315414,15222.715892653334,0.9571118354797363,0.6280179543337784,0.4394684248492821,31974.495186312153
3116_2011-10-12_12_38_49.0_39.png,0.8091979026794434,0.6185866421113926,0.5354965641182805,17339.02555658947,1.9009442329406738,0.39956917867871866,4.598428551807787,9712.713443915889,0.0070018768310546875,0.58969345673047,0.5622063867443421,16490.256629670952,4.344925880432129,-1.0,inf,0.0,0.952587366104126,0.6211349615141054,0.6092533390780397,26940.393880064057
3650_2011-12-07_15_01_14.0_40.png,0.7746841907501221,0.7375919501737299,0.4828809447857911,52631.130364467375,2.4374120235443115,0.452727969743935,1.50410836452291,29403.61319820019,0.014559030532836914,0.7401740025063694,0.4809036146321759,51978.69343417686,8.518784761428833,0.7904605827633466,0.2430148033784514,26153.187680336818,0.92154860496521,0.6872248543734014,0.5438817445840957,64285.232699262415
3130_2013-11-21_12_01_37.0_37.png,0.7860076427459717,0.6881290116577902,0.5124131395719521,25176.58615263622,1.6631486415863037,0.4375612508492622,2.304312513318169,14210.977885301554,0.007048845291137695,0.6634483404813563,0.46083776213551736,24030.476513078713,5.8657708168029785,0.6671106852480485,0.4842954880098887,15165.822118681159,0.8701705932617188,0.6937551760396594,0.6275959461590745,44245.11226530176
4071_2016-10-27_13_52_37.0_37.png,0.7842276096343994,0.614822549623906,0.6144622603076936,17217.21448112702,1.6785507202148438,0.3853340749434079,4.7561152819118035,7892.073353940714,0.03823709487915039,0.617749451962602,0.6262944477906319,17007.510172918202,4.537368059158325,-1.0,inf,0.0,0.7418193817138672,0.6155636220338833,0.5840185325671745,42991.803549461765
4091_2013-08-13_13_57_32.0_43.png,0.7529995441436768,0.7140673660484592,0.37104749515062957,28867.874465944595,1.8003723621368408,0.5183093062769981,1.8780393121874686,18271.14542866163,0.009795188903808594,0.7170009729380358,0.37052822123124385,30646.852252495784,5.237967491149902,0.6487243004480104,0.5193714989335826,10261.831600365496,0.7799289226531982,0.7143923947969041,0.5762284035589149,46770.771770760686
4051_2014-05-02_15_25_02.0_43.png,0.7395496368408203,0.6931758366188903,0.40387739762459196,25238.267232287046,1.6821036338806152,0.4900935984884267,4.0380503143710325,15498.634891427533,0.007750749588012695,0.7030531785075554,0.3936219578277368,27319.214495858894,6.119521379470825,0.6703647667026232,0.4894700398140303,14599.0818366776,0.7920782566070557,0.7354098580461903,0.7600774963429134,42849.58645485339
4033_2014-03-14_13_53_03.0_37.png,0.7625875473022461,0.6781845864572583,0.482143963865964,29600.409434349865,1.7359731197357178,0.42965457435329546,3.351674675247753,12287.078608620943,0.048317909240722656,0.6707986713955744,0.4960270158592554,28747.945933539915,5.114953517913818,-1.0,inf,0.0,0.9235913753509521,0.6079103373297303,0.632698629116735,39270.64319469549
3418_2012-05-04_16_40_34.0_41.png,0.74587082862854,0.7013809770475645,0.4725303356790939,37094.82721234653,1.4879355430603027,0.47249241472171455,9.747827034563457,16183.249553251459,0.010047435760498047,0.6277670546094689,0.5451013787653445,30922.13514974987,4.849985837936401,0.4365590357068806,1.051513708624277,3254.5805762983564,0.9072027206420898,0.6411730461926712,0.5786341198525328,46273.952406930766
3360_2015-04-29_16_10_41.0_39.png,0.7978785037994385,0.5707139386776681,0.5707555891427114,15078.393944914902,1.3362610340118408,0.42241973365757146,5.7539464825911155,8949.945095382613,0.006716012954711914,0.5567240444871342,0.6471344081327726,14974.84189651459,3.8872299194335938,0.36615717865006653,1.3678531994246033,3839.6997917878784,0.8316411972045898,0.5907943547708403,0.6135702558975435,30978.17434787404
4019_2013-03-20_08_30_14.0_42.png,0.7974686622619629,0.6508763596808098,0.51056718621609,22142.821245675284,2.7249839305877686,0.3753521184681923,4.0286488870578,10672.223862509922,0.018051624298095703,0.5927502868475514,0.5609770313528332,18179.125187603968,4.805386066436768,-1.0,inf,0.0,0.9034476280212402,0.6198069816456899,0.6204567011678881,32496.11777009505
4035_2017-03-21_12_20_35.0_40.png,0.7782166004180908,0.6599098527233538,0.48685971757000635,30228.514957087606,1.5635299682617188,0.4623022897920839,3.183772942826579,14728.055990798188,0.0066225528717041016,0.6589510076829868,0.4834317153955134,29178.456485535873,5.334414005279541,0.38254404434603095,1.0129516352754604,1893.8563930455387,0.9238839149475098,0.656343090040668,0.5736777183406211,43599.728464508895
3118_2013-01-16_12_01_35.0_44.png,0.7880189418792725,0.6159475069274595,0.5121584397310401,18691.008286707623,1.7974588871002197,0.4100274892765715,3.1478605480233846,10516.702727803315,0.04041647911071777,0.6235416678366101,0.49592854889110644,19404.508483287835,4.51239538192749,0.1543971425432175,2.0568248767340376,1087.9810619966443,0.8907763957977295,0.6309405795397319,0.5930479900964407,45432.261098390336
3622_2014-03-28_15_12_19.0_37.png,0.7754311561584473,0.6345237685898741,0.5120251519268884,28084.448566378982,2.195396900177002,0.39372977871236137,2.142032583165663,14443.591853742882,0.007010698318481445,0.6521763885696049,0.5899733409928037,24222.84370172693,5.6574766635894775,0.7018778563379038,0.41770869452684956,18513.348969498187,0.8312397003173828,0.6209547783070997,0.5329290952757743,38470.943330596536
3829_2013-10-01_12_57_39.0_43.png,0.7548689842224121,0.6488696727370152,0.4553711772279453,23970.027304513944,1.8241772651672363,0.449095601477116,6.262390406765102,12671.09302475019,0.007318735122680664,0.6333505093417512,0.4834687423347646,21107.47770070518,5.594862699508667,0.6571913529675536,0.45478763485221263,12070.115583507588,0.8628208637237549,0.6687307125747504,0.4048188557464575,39171.83993536772
3961_2015-01-21_15_59_11.0_41.png,0.7706291675567627,0.6633190337836377,0.5616318882543582,42406.960782953036,2.8374881744384766,0.5356647605389844,4.835900458174933,23575.09255296218,0.044080495834350586,0.6632104473236532,0.5599278635636525,42160.66441666407,6.049808740615845,0.7663863977827093,0.5271002136427988,22686.52282188312,1.0037493705749512,0.5670254694518703,0.7163521009433717,43495.54729552643
3439_2011-11-29_14_36_38.0_40.png,0.764301061630249,0.6990375681812385,0.4928602740066338,47264.40698404294,4.356679439544678,0.5566736117960441,4.4637935592993205,24846.778314431253,0.006937503814697266,0.6917412962628767,0.5117999290166823,46556.411480231254,6.9100353717803955,0.7714476721648889,0.282934293636491,27827.829379441933,0.9089207649230957,0.6003063835129183,0.6990680717159554,55229.155425676116
3068_2015-07-14_15_09_47.0_40.png,0.7839350700378418,0.6700608228173055,0.5386785623900113,28281.9948932307,1.929600477218628,0.40392122028663746,2.359589005543278,17519.489499516236,0.006479501724243164,0.5985342836306687,0.5586646508895874,25274.33389946322,5.64460563659668,0.7146478971849975,0.3848182891848582,20646.882489132764,0.9267401695251465,0.6291810630765508,0.5624308021251179,37736.22541845294
